new filename;original filename
Nunataryuk_WP4-1_st0a_I20190420_R20200109_BECU_IOP-CTD-d01.xlsx;080336_20190420_1341.xlsx
Nunataryuk_WP4-1_st0b_I20190420_R20200109_BECU_IOP-CTD-d01.xlsx;080336_20190420_1740.xlsx
Nunataryuk_WP4-1_st550_I20190422_R20200109_BECU_IOP-CTD-d01.xlsx;080336_20190422_2024.xlsx
Nunataryuk_WP4-1_st550_I20190422_R20200109_BECU_IOP-CTD-d02.xlsx;080336_20190422_2024.xlsx
Nunataryuk_WP4-1_st380-alt_I20190422_R20200109_BECU_IOP-CTD-d02.xlsx;080336_20190422_2354.xlsx
Nunataryuk_WP4-1_st380-alt_I20190422_R20200109_BECU_IOP-CTD-d01.xlsx;080336_20190422_2354.xlsx
Nunataryuk_WP4-1_st380-alt_I20190422_R20200109_BECU_IOP-CTD-d03.xlsx;080336_20190422_2354.xlsx
Nunataryuk_WP4-1_st01_I20190423_R20200109_BECU_IOP-CTD-d01.xlsx;080336_20190423_2300_light.xlsx
Nunataryuk_WP4-1_st370-alt_I20190424_R20200109_BECU_IOP-CTD-d01.xlsx;080336_20190424_1730.xlsx
Nunataryuk_WP4-1_st370-alt_I20190424_R20200109_BECU_IOP-CTD-d02.xlsx;080336_20190424_1730.xlsx
Nunataryuk_WP4-1_st370-alt_I20190424_R20200109_BECU_IOP-CTD-d03.xlsx;080336_20190424_1730.xlsx
Nunataryuk_WP4-1_st360_I20190424_R20200109_BECU_IOP-CTD-d01.xlsx;080336_20190424_1941.xlsx
Nunataryuk_WP4-1_st150-alt_I20190424_R20200109_BECU_IOP-CTD-d01.xlsx;080336_20190424_2141.xlsx
Nunataryuk_WP4-1_st340-alt_I20190424_R20200109_BECU_IOP-CTD-d01.xlsx;080336_20190424_2251.xlsx
Nunataryuk_WP4-1_st140-alt_I20190424_R20200109_BECU_IOP-CTD-d01.xlsx;080336_20190425_0027.xlsx
Nunataryuk_WP4-1_st870_I20190425_R20200109_BECU_IOP-CTD-d01.xlsx;080336_20190425_1812.xlsx
Nunataryuk_WP4-1_st870_I20190425_R20200109_BECU_IOP-CTD-d02.xlsx;080336_20190425_1812.xlsx
Nunataryuk_WP4-1_st870_I20190425_R20200109_BECU_IOP-CTD-d03.xlsx;080336_20190425_1812.xlsx
Nunataryuk_WP4-1_st860_I20190425_R20200109_BECU_IOP-CTD-d01.xlsx;080336_20190425_1923.xlsx
Nunataryuk_WP4-1_st860_I20190425_R20200109_BECU_IOP-CTD-d02.xlsx;080336_20190425_1923.xlsx
Nunataryuk_WP4-1_st860_I20190425_R20200109_BECU_IOP-CTD-d03.xlsx;080336_20190425_1923.xlsx
Nunataryuk_WP4-1_st850_I20190425_R20200109_BECU_IOP-CTD-d01.xlsx;080336_20190425_2123.xlsx
Nunataryuk_WP4-1_st850_I20190425_R20200109_BECU_IOP-CTD-d02.xlsx;080336_20190425_2123.xlsx
Nunataryuk_WP4-1_st850_I20190425_R20200109_BECU_IOP-CTD-d03.xlsx;080336_20190425_2123.xlsx
Nunataryuk_WP4-1_st350_I20190425_R20200109_BECU_IOP-CTD-d01.xlsx;080336_20190425_2357.xlsx
Nunataryuk_WP4-1_st350_I20190425_R20200109_BECU_IOP-CTD-d02.xlsx;080336_20190425_2357.xlsx
Nunataryuk_WP4-1_st350_I20190425_R20200109_BECU_IOP-CTD-d03.xlsx;080336_20190425_2357.xlsx
Nunataryuk_WP4-1_st350_I20190425_R20200109_BECU_IOP-CTD-d04.xlsx;080336_20190425_2357.xlsx
Nunataryuk_WP4-1_st350_I20190425_R20200109_BECU_IOP-CTD-d05.xlsx;080336_20190425_2357.xlsx
Nunataryuk_WP4-1_st350_I20190425_R20200109_BECU_IOP-CTD-d06.xlsx;080336_20190425_2357.xlsx
Nunataryuk_WP4-1_st350_I20190425_R20200109_BECU_IOP-CTD-d07.xlsx;080336_20190425_2357.xlsx
Nunataryuk_WP4-1_st350_I20190425_R20200109_BECU_IOP-CTD-d08.xlsx;080336_20190425_2357.xlsx
Nunataryuk_WP4-1_st380-alt-b_I20190426_R20200109_BECU_IOP-CTD-d01.xlsx;080336_20190426_0103.xlsx
Nunataryuk_WP4-1_st830_I20190427_R20200109_BECU_IOP-CTD-d01.xlsx;080336_20190427_1820.xlsx
Nunataryuk_WP4-1_st830_I20190427_R20200109_BECU_IOP-CTD-d02.xlsx;080336_20190427_1820.xlsx
Nunataryuk_WP4-1_st830_I20190427_R20200109_BECU_IOP-CTD-d03.xlsx;080336_20190427_1820.xlsx
Nunataryuk_WP4-1_st830_I20190427_R20200109_BECU_IOP-CTD-d04.xlsx;080336_20190427_1820.xlsx
Nunataryuk_WP4-1_st830_I20190427_R20200109_BECU_IOP-CTD-d05.xlsx;080336_20190427_1820.xlsx
Nunataryuk_WP4-1_st830_I20190427_R20200109_BECU_IOP-CTD-d06.xlsx;080336_20190427_1820.xlsx
Nunataryuk_WP4-1_st830_I20190427_R20200109_BECU_IOP-CTD-d07.xlsx;080336_20190427_1820.xlsx
Nunataryuk_WP4-1_st830_I20190427_R20200109_BECU_IOP-CTD-d08.xlsx;080336_20190427_1820.xlsx
Nunataryuk_WP4-1_st020_I20190427_R20200109_BECU_IOP-CTD-d01.xlsx;080336_20190427_2123.xlsx
Nunataryuk_WP4-1_st020_I20190427_R20200109_BECU_IOP-CTD-d02.xlsx;080336_20190427_2123.xlsx
Nunataryuk_WP4-1_st020_I20190427_R20200109_BECU_IOP-CTD-d03.xlsx;080336_20190427_2123.xlsx
Nunataryuk_WP4-1_st020_I20190427_R20200109_BECU_IOP-CTD-d04.xlsx;080336_20190427_2123.xlsx
Nunataryuk_WP4-1_st020_I20190427_R20200109_BECU_IOP-CTD-d05.xlsx;080336_20190427_2123.xlsx
Nunataryuk_WP4-1_st020_I20190427_R20200109_BECU_IOP-CTD-d06.xlsx;080336_20190427_2123.xlsx
Nunataryuk_WP4-1_st020_I20190427_R20200109_BECU_IOP-CTD-d07.xlsx;080336_20190427_2123.xlsx
Nunataryuk_WP4-1_st020_I20190427_R20200109_BECU_IOP-CTD-d08.xlsx;080336_20190427_2123.xlsx
Nunataryuk_WP4-1_st810_I20190427_R20200109_BECU_IOP-CTD-d01.xlsx;080336_20190427_2323.xlsx
Nunataryuk_WP4-1_st810_I20190427_R20200109_BECU_IOP-CTD-d02.xlsx;080336_20190427_2323.xlsx
Nunataryuk_WP4-1_st810_I20190427_R20200109_BECU_IOP-CTD-d03.xlsx;080336_20190427_2323.xlsx
Nunataryuk_WP4-1_st810_I20190427_R20200109_BECU_IOP-CTD-d04.xlsx;080336_20190427_2323.xlsx
Nunataryuk_WP4-1_st810_I20190427_R20200109_BECU_IOP-CTD-d05.xlsx;080336_20190427_2323.xlsx
Nunataryuk_WP4-1_st810_I20190427_R20200109_BECU_IOP-CTD-d06.xlsx;080336_20190427_2323.xlsx
Nunataryuk_WP4-1_st810_I20190427_R20200109_BECU_IOP-CTD-d07.xlsx;080336_20190427_2323.xlsx
Nunataryuk_WP4-1_st840_I20190428_R20200109_BECU_IOP-CTD-d01.xlsx;080336_20190428_1914.xlsx
Nunataryuk_WP4-1_st840_I20190428_R20200109_BECU_IOP-CTD-d02.xlsx;080336_20190428_1914.xlsx
Nunataryuk_WP4-1_st840_I20190428_R20200109_BECU_IOP-CTD-d03.xlsx;080336_20190428_1914.xlsx
Nunataryuk_WP4-1_st840_I20190428_R20200109_BECU_IOP-CTD-d04.xlsx;080336_20190428_1914.xlsx
Nunataryuk_WP4-1_st840_I20190428_R20200109_BECU_IOP-CTD-d05.xlsx;080336_20190428_1914.xlsx
Nunataryuk_WP4-1_st840_I20190428_R20200109_BECU_IOP-CTD-d06.xlsx;080336_20190428_1914.xlsx
Nunataryuk_WP4-1_st740_I20190428_R20200109_BECU_IOP-CTD-d01.xlsx;080336_20190428_2008.xlsx
Nunataryuk_WP4-1_st740_I20190428_R20200109_BECU_IOP-CTD-d02.xlsx;080336_20190428_2008.xlsx
Nunataryuk_WP4-1_st740_I20190428_R20200109_BECU_IOP-CTD-d03.xlsx;080336_20190428_2008.xlsx
Nunataryuk_WP4-1_st740_I20190428_R20200109_BECU_IOP-CTD-d04.xlsx;080336_20190428_2008.xlsx
Nunataryuk_WP4-1_st740_I20190428_R20200109_BECU_IOP-CTD-d05.xlsx;080336_20190428_2008.xlsx
Nunataryuk_WP4-1_st740_I20190428_R20200109_BECU_IOP-CTD-d06.xlsx;080336_20190428_2008.xlsx
Nunataryuk_WP4-1_st740_I20190428_R20200109_BECU_IOP-CTD-d07.xlsx;080336_20190428_2008.xlsx
Nunataryuk_WP4-1_st040_I20190428_R20200109_BECU_IOP-CTD-d01.xlsx;080336_20190428_2126.xlsx
Nunataryuk_WP4-1_st040_I20190428_R20200109_BECU_IOP-CTD-d02.xlsx;080336_20190428_2126.xlsx
Nunataryuk_WP4-1_st040_I20190428_R20200109_BECU_IOP-CTD-d03.xlsx;080336_20190428_2126.xlsx
Nunataryuk_WP4-1_st040_I20190428_R20200109_BECU_IOP-CTD-d04.xlsx;080336_20190428_2126.xlsx